body,sentiment
I absolutely love the service! Everything is amazing.,positive
"The product exceeded my expectations, very happy with it.",positive
"Great job! Excellent work, highly recommended.",positive
I'm extremely satisfied with my purchase. Will buy again.,positive
"The team was wonderful to work with, will definitely return.",positive
Fantastic customer support! They were very helpful and friendly.,positive
Highly recommend this product. It works like a charm!,positive
I’m so pleased with my experience. Everything went smoothly.,positive
What a great purchase! It was exactly what I needed.,positive
Wonderful product! I’m so glad I bought it.,positive
This is by far the best experience I’ve had with any company.,positive
"The item arrived earlier than expected, and it’s perfect.",positive
I can’t believe how easy it was to make a purchase. Very happy.,positive
The quality of the product is excellent. It’s exactly what I wanted.,positive
Totally impressed with the customer service. Very responsive!,positive
I’ll definitely be coming back to this store in the future.,positive
I love how efficient the service was. Thank you for making this so easy.,positive
"The product was as described, and I’m very happy with it.",positive
"Amazing! I’m so glad I made this purchase, it’s been fantastic.",positive
The support team was outstanding in helping me resolve an issue.,positive
I’m very disappointed with the product. It didn’t work as expected.,negative
"Horrible experience, will never buy from here again.",negative
The customer support was terrible. I will not recommend this.,negative
The service was awful. It took too long and wasn’t worth it.,negative
I regret buying this. It broke after a week.,negative
Terrible quality. Not at all like the description on the website.,negative
"The delivery was delayed, and I received the wrong item.",negative
This product was a waste of money. It’s defective.,negative
I’m not happy with my purchase at all. Will return it.,negative
Very dissatisfied with the product. It didn’t meet my expectations.,negative
I can’t believe how bad the customer service was. I will never use this company again.,negative
I’ve had issues since I got this. Definitely won’t buy again.,negative
"The quality is poor, and I am very upset with my purchase.",negative
The order was wrong and no one is responding to my messages.,negative
I waited for weeks for this and it’s totally not what I wanted.,negative
The product broke after only a few uses. So frustrating!,negative
Very unhappy with my experience. I’ll be looking elsewhere next time.,negative
I wouldn’t recommend this to anyone. Terrible experience.,negative
I’m extremely disappointed. The item did not perform as advertised.,negative
This is by far the worst purchase I’ve made.,negative
